IB Symbol,Product Description (click link for more details),Symbol,Currency,exchange,product,last_update
AABVF,ABERDEEN INTERNATIONAL INC.,AABVF,USD,arcaedge,Stocks (OTCBB),2021-02-14 07:48:26.028430
AACAY,AAC TECHNOLOGIES H-UNSPON AD,AACAY,USD,arcaedge,Stocks (OTCBB),2021-02-14 07:48:26.028430
AACTF,AURORA SOLAR TECHNOLOGIES IN,AACTF,USD,arcaedge,Stocks (OTCBB),2021-02-14 07:48:26.028430
AAGIY,AIA GROUP LTD-SP ADR,AAGIY,USD,arcaedge,Stocks (OTCBB),2021-02-14 07:48:26.028430
AAGRY,ASTRA AGRO LESTARI-UNSP ADR,AAGRY,USD,arcaedge,Stocks (OTCBB),2021-02-14 07:48:26.028430
AAIIQ,ALABAMA AIRCRAFT INDUSTRIES,AAIIQ,USD,arcaedge,Stocks (OTCBB),2021-02-14 07:48:26.028430
AAMTF,ARMADA MERCANTILE LTD,AAMTF,USD,arcaedge,Stocks (OTCBB),2021-02-14 07:48:26.028430
AAPJ,AAP INC,AAPJ,USD,arcaedge,Stocks (OTCBB),2021-02-14 07:48:26.028430
AASL,AMERICA'S SUPPLIERS INC,AASL,USD,arcaedge,Stocks (OTCBB),2021-02-14 07:48:26.028430
